<?xml version="1.0" encoding="UTF-8"?>
<metadata xml:lang="en">
	<idinfo>
		<citation>
			<citeinfo>
				<origin>CAL FIRE - FRAP</origin>
				<pubdate>12/07</pubdate>
				<title Sync="TRUE">fhszs06_3</title>
				<edition>06_3</edition>
				<geoform Sync="TRUE">vector digital data</geoform>
				<serinfo>
					<sername>Draft</sername>
				</serinfo>
				<othercit>The user will cite the California Department of Forestry and Fire Protection as the original source of the data, but will clearly denote cases where the original data have been altered, updated, or in any way changed from the original condition.</othercit>
				<onlink Sync="TRUE">\\Fphqfp\FirePAS Staging\NAD_1983\c42\shapes\fhszs06_3.shp</onlink>
				<ftname Sync="TRUE">fhszs06_3</ftname>
			</citeinfo>
		</citation>
		<descript>
			<abstract>PRC 4201 - 4204 and Govt. Code 51175-89 direct the California Department of Forestry and Fire Protection (CAL FIRE) to map areas of significant fire hazards based on fuels, terrain, weather, and other relevant factors. These zones, referred to as Fire Hazard Severity Zones (FHSZ), define the application of various mitigation strategies to reduce risk associated with wildland fires. 

CAL FIRE is remapping Fire Hazard Severity Zones (FHSZ) for State Responsibility Areas (SRA) and Very High Fire Hazard Severity Zones (VHFHSZ) recommendations in Local Responsibility Areas (LRA) to provide updated map zones, based on new data, science, and technology.

This specific dataset is used to create the official "Maps of Fire Hazard Severity Zones in the State Responsibility Area of California" as required by Public Resources Code 4201-4204 and entitled in the California Code of Regulation, Title 14, Section 1280 Fire Hazard Severity Zones, and as adopted by CAL FIRE on November 7, 2007

Maps of the adopted zones in SRA are available at: http://frap.cdf.ca.gov/projects/hazard/fhz.html
More information about the project can be found at: http://frap.cdf.ca.gov/projects/hazard/hazard.html</abstract>
			<purpose>
The goal of this mapping effort is to create more accurate fire hazard zone designations such that mitigation strategies are implemented in areas where hazards warrant these investments. The fire hazard zones will provide specific designation for application of defensible space and building standards consistent with known mechanisms of fire risk to people, property, and natural resources.

This dataset provides zones in SRA, as adopted by CAL FIRE on November 7, 2007
</purpose>
			<langdata Sync="TRUE">en</langdata>
		</descript>
		<timeperd>
			<timeinfo>
				<sngdate>
					<caldate>2006</caldate>
				</sngdate>
			</timeinfo>
			<current>ground condition</current>
		</timeperd>
		<status>
			<progress>Complete</progress>
			<update>As needed</update>
		</status>
		<spdom>
			<bounding>
				<westbc Sync="TRUE">-124.506033</westbc>
				<eastbc Sync="TRUE">-115.480476</eastbc>
				<northbc Sync="TRUE">42.068568</northbc>
				<southbc Sync="TRUE">32.522195</southbc>
			</bounding>
			<lboundng>
				<leftbc Sync="TRUE">-373976.298900</leftbc>
				<rightbc Sync="TRUE">375097.692400</rightbc>
				<topbc Sync="TRUE">450029.872400</topbc>
				<bottombc Sync="TRUE">-602050.953300</bottombc>
			</lboundng>
		</spdom>
		<keywords>
			<theme>
				<themekey>SRA</themekey>
				<themekey>fire hazard</themekey>
				<themekey>wildfire</themekey>
				<themekey>State Responsibility Area</themekey>
				<themekey>Fire protection</themekey>
				<themekey>Real estate disclosure</themekey>
			</theme>
			<theme>
				<themekt>FRAP custom</themekt>
				<themekey>FHSZ</themekey>
			</theme>
			<place>
				<placekey>California</placekey>
			</place>
			<place>
				<placekt>FRAP custom</placekt>
			</place>
		</keywords>
		<accconst>Public data - no constraints</accconst>
		<useconst>This version supercedes draft or proposed zones released in previous versions of the data</useconst>
		<ptcontac>
			<cntinfo>
				<cntperp>
					<cntper>FRAP Fire and Fuels Specialist</cntper>
					<cntorg>California Department of Forestry and Fire Protection, Fire and Resource Assessment Program (CALFIRE - FRAP)</cntorg>
				</cntperp>
				<cntpos>FRAP Fire and Fuels Specialist</cntpos>
				<cntaddr>
					<addrtype>physical address</addrtype>
					<address>1300 U St.</address>
					<city>Sacramento</city>
					<state>CA</state>
					<postal>95818</postal>
					<country>USA</country>
				</cntaddr>
				<cntvoice>916-327-3939</cntvoice>
				<cntfax>916-324-1180</cntfax>
				<cntemail>FRAPdatacontact@fire.ca.gov</cntemail>
				<hours>M-F 8 -5</hours>
			</cntinfo>
		</ptcontac>
		<browse>
			<browsen>http://frap.cdf.ca.gov/data/browsegraphic/fhsz_map.png</browsen>
			<browset>PNG</browset>
		</browse>
		<datacred>CAL FIRE recoginzes the important contribution of various local government entities that contributed data, maps, and comments that were critical components of the FHSZ mapping process.</datacred>
		<secinfo></secinfo>
		<native Sync="TRUE">Microsoft Windows XP Version 5.1 (Build 2600) Service Pack 2; ESRI ArcCatalog 9.2.4.1420</native>
		<natvform Sync="TRUE">Shapefile</natvform>
	</idinfo>
	<dataqual>
		<logic>
Fuel conditions were derived from the "best available" vegetation data, which varies in quality across the state. At the extreme, FRAP is aware of a few counties where outdated vegetation data proved to be a significant challenge for generating a quality data product. The review and comment process was critical for improving the zoning in these counties.

FRAP made every effort to obtain updated incorporated city boundaries, which affect SRA/LRA designations. However, in cases where annexations were not obtained or new annnexations have occurred, areas may be incorrectly classified in terms of SRA/LRA designation.
</logic>
		<posacc>
			<horizpa></horizpa>
		</posacc>
		<lineage>
			<srcinfo>
				<srccite>
					<citeinfo>
						<origin></origin>
						<pubdate></pubdate>
						<edition></edition>
					</citeinfo>
				</srccite>
				<srccontr>More information about data sources and methodology is provided at;  http://frap.cdf.ca.gov/projects/hazard/hazard.html</srccontr>
			</srcinfo>
			<procstep>
				<procdesc Sync="TRUE">Dataset copied.</procdesc>
				<srcused Sync="TRUE">Q:\Projects\FHSZ\p1_final\Shapefiles (Unzipped)\c10fhsz_p1</srcused>
				<date Sync="TRUE">20070628</date>
				<time Sync="TRUE">08374600</time>
			</procstep>
			<procstep>
				<procdesc Sync="TRUE">Dataset copied.</procdesc>
				<srcused Sync="TRUE">Q:\Projects\FHSZ\p1_final\Shapefiles (Unzipped)\c10fhsz_p1</srcused>
				<date Sync="TRUE">20070628</date>
				<time Sync="TRUE">14421100</time>
			</procstep>
			<procstep>
				<procdesc Sync="TRUE">Dataset copied.</procdesc>
				<srcused Sync="TRUE">C:\FHSZ\c10fhsz_p1</srcused>
				<date Sync="TRUE">20070628</date>
				<time Sync="TRUE">15295200</time>
			</procstep>
			<procstep>
				<procdesc Sync="TRUE">Dataset copied.</procdesc>
				<srcused Sync="TRUE">Q:\Projects\FHSZ\p1_final\Shapefiles (Unzipped)\c10fhsz_p1</srcused>
				<date Sync="TRUE">20070628</date>
				<time Sync="TRUE">17204400</time>
			</procstep>
			<procstep>
				<procdesc Sync="TRUE">Metadata imported.</procdesc>
				<srcused Sync="TRUE">Q:\Projects\FHSZ\p1_final\metadata\c10fhsz_p1.shp.xml</srcused>
				<date Sync="TRUE">20070801</date>
				<time Sync="TRUE">11193500</time>
			</procstep>
			<procstep>
				<procdesc Sync="TRUE">Metadata imported.</procdesc>
				<srcused Sync="TRUE">Q:\Projects\FHSZ\p1_final\Statewide\fhszsra06_1.shp.xml</srcused>
				<date Sync="TRUE">20070904</date>
				<time Sync="TRUE">12575700</time>
			</procstep>
			<procstep>
				<procdesc Sync="TRUE">Dataset copied.</procdesc>
				<srcused Sync="TRUE">\\fphqsan\frap\Projects\FHSZ\draft\sra_working\a_fhsz07_working3.gdb</srcused>
				<date Sync="TRUE">20070911</date>
				<time Sync="TRUE">09371300</time>
			</procstep>
			<procstep>
				<procdesc Sync="TRUE">Metadata imported.</procdesc>
				<srcused Sync="TRUE">C:\DOCUME~1\RMarose\LOCALS~1\Temp\xmlA.tmp</srcused>
				<date Sync="TRUE">20071217</date>
				<time Sync="TRUE">09060000</time>
			</procstep>
			<attracc>
				<attraccr></attraccr>
			</attracc>
			<procstep><procdesc Sync="TRUE">Metadata imported.</procdesc><srcused Sync="TRUE">c:\temp\xml28.tmp</srcused><date Sync="TRUE">20080609</date><time Sync="TRUE">11095000</time></procstep></lineage>
	</dataqual>
	<spdoinfo>
		<direct Sync="TRUE">Vector</direct>
		<ptvctinf>
			<sdtsterm Name="fhszs06_3">
				<sdtstype Sync="TRUE">G-polygon</sdtstype>
				<ptvctcnt Sync="TRUE">0</ptvctcnt>
			</sdtsterm>
			<esriterm Name="fhszs06_3">
				<efeatyp Sync="TRUE">Simple</efeatyp>
				<esritopo Sync="TRUE">FALSE</esritopo>
				<linrefer Sync="TRUE">FALSE</linrefer>
				<partTopoRules>
					<topoRuleID Sync="TRUE">12</topoRuleID>
				</partTopoRules>
				<spindex Sync="TRUE">FALSE</spindex>
				<topoWeight Sync="TRUE">5.000000</topoWeight>
				<validateEvents Sync="TRUE">FALSE</validateEvents>
				<XYRank Sync="TRUE">1</XYRank>
				<ZRank Sync="TRUE">1</ZRank>
				<efeageom Sync="TRUE">Polygon</efeageom>
				<efeacnt Sync="TRUE">0</efeacnt>
			</esriterm>
		</ptvctinf>
	</spdoinfo>
	<spref>
		<horizsys>
			<planar>
				<planci>
					<plance Sync="TRUE">coordinate pair</plance>
					<coordrep>
						<absres Sync="TRUE">0.000000</absres>
						<ordres Sync="TRUE">0.000000</ordres>
					</coordrep>
					<plandu Sync="TRUE">meters</plandu>
				</planci>
				<mapproj><mapprojn Sync="TRUE">Albers Conical Equal Area</mapprojn><albers><stdparll Sync="TRUE">34.000000</stdparll><stdparll Sync="TRUE">40.500000</stdparll><longcm Sync="TRUE">-120.000000</longcm><latprjo Sync="TRUE">0.000000</latprjo><feast Sync="TRUE">0.000000</feast><fnorth Sync="TRUE">-4000000.000000</fnorth></albers></mapproj></planar>
			<geodetic>
				<horizdn Sync="TRUE">North American Datum of 1983</horizdn>
				<ellips Sync="TRUE">Geodetic Reference System 80</ellips>
				<semiaxis Sync="TRUE">6378137.000000</semiaxis>
				<denflat Sync="TRUE">298.257222</denflat>
			</geodetic>
			<cordsysn>
				<geogcsn Sync="TRUE">GCS_North_American_1983</geogcsn>
				<projcsn Sync="TRUE">NAD_1983_Albers</projcsn>
			</cordsysn>
		</horizsys>
		<vertdef>
			<altsys>
				<altres Sync="TRUE">0.000100</altres>
				<altenc Sync="TRUE">Explicit elevation coordinate included with horizontal coordinates</altenc>
			</altsys>
		</vertdef>
	</spref>
	<eainfo>
		<detailed Name="fhszs06_3">
			<enttyp>
				<enttypl Sync="TRUE">fhszs06_3</enttypl>
				<enttypd>FHSZ polygons within SRA</enttypd>
				<enttypc Sync="TRUE">0</enttypc>
				<enttypt Sync="TRUE">Feature Class</enttypt>
			</enttyp>
			<attr><attrlabl Sync="TRUE">Shape</attrlabl><attalias Sync="TRUE">Shape</attalias><attrtype Sync="TRUE">Geometry</attrtype><attwidth Sync="TRUE">0</attwidth><atprecis Sync="TRUE">0</atprecis><attscale Sync="TRUE">0</attscale><attrdef Sync="TRUE">Feature geometry.</attrdef><attrdefs Sync="TRUE">ESRI</attrdefs><attrdomv><udom Sync="TRUE">Coordinates defining the features.</udom></attrdomv></attr><attr><attrlabl Sync="TRUE">SRA</attrlabl><attalias Sync="TRUE">SRA</attalias><attrtype Sync="TRUE">String</attrtype><attwidth Sync="TRUE">3</attwidth><atprecis Sync="TRUE">0</atprecis><attscale Sync="TRUE">0</attscale><attrdomv><edom><edomv>SRA</edomv><edomvd>State Responsibility Area</edomvd></edom></attrdomv><attrdef>Identifies State Responsibility Area polygons. These areas get wildfire protection from CAL FIRE</attrdef></attr><attr><attrlabl Sync="TRUE">HAZ_CODE</attrlabl><attalias Sync="TRUE">HAZ_CODE</attalias><attrtype Sync="TRUE">String</attrtype><attwidth Sync="TRUE">3</attwidth><attrdomv><edom><edomv>1</edomv><edomvd>Moderate</edomvd></edom><edom><edomv>2</edomv><edomvd>High</edomvd></edom><edom><edomv>3</edomv><edomvd>Very High</edomvd></edom></attrdomv><attrdef>Hazard code for polygon</attrdef></attr><attr><attrlabl Sync="TRUE">Shape_Area</attrlabl><attalias Sync="TRUE">Shape_Area</attalias><attrtype Sync="TRUE">Number</attrtype><attwidth Sync="TRUE">4</attwidth><attrdef Sync="TRUE">Area of feature in internal units squared.</attrdef><attrdefs Sync="TRUE">ESRI</attrdefs><attrdomv><udom Sync="TRUE">Positive real numbers that are automatically generated.</udom></attrdomv></attr><attr><attrlabl Sync="TRUE">HAZ_CLASS</attrlabl><attalias Sync="TRUE">HAZ_CLASS</attalias><attrtype Sync="TRUE">String</attrtype><attwidth Sync="TRUE">17</attwidth><attrdomv><edom><edomv>Moderate</edomv><edomvd>Corresponds to HAZ_CODE = 1</edomvd></edom><edom><edomv>High</edomv><edomvd>Corresponds to HAZ_CODE = 2</edomvd></edom><edom><edomv>Very High </edomv><edomvd>Corresponds to HAZ_CODE = 3 </edomvd></edom></attrdomv><attrdef>Hazard Class name</attrdef></attr><attr><attrlabl Sync="TRUE">FID</attrlabl><attalias Sync="TRUE">FID</attalias><attrtype Sync="TRUE">Float</attrtype><attwidth Sync="TRUE">19</attwidth><attrdef Sync="TRUE">Internal feature number.</attrdef><attrdefs Sync="TRUE">ESRI</attrdefs><attrdomv><udom Sync="TRUE">Sequential unique whole numbers that are automatically generated.</udom></attrdomv><atnumdec Sync="TRUE">11</atnumdec></attr><attr><attrlabl Sync="TRUE">Shape_Leng</attrlabl><attalias Sync="TRUE">Shape_Leng</attalias><attrtype Sync="TRUE">Float</attrtype><attwidth Sync="TRUE">19</attwidth><atnumdec Sync="TRUE">11</atnumdec></attr></detailed>
	</eainfo>
	<distinfo>
		<distrib>
			<cntinfo>
				<cntperp>
					<cntper>FRAP Data Librarian</cntper>
					<cntorg>CAL FIRE - FRAP</cntorg>
				</cntperp>
				<cntpos>FRAP Data Librarian</cntpos>
				<cntaddr>
					<addrtype>physical address</addrtype>
					<address>1300 U St.</address>
					<city>Sacramento</city>
					<state>CA</state>
					<postal>95818</postal>
					<country>USA</country>
				</cntaddr>
				<cntvoice>916-327-3939</cntvoice>
				<cntfax>916-324-1180</cntfax>
				<cntemail>FRAPdatacontact@fire.ca.gov</cntemail>
				<hours>M-F 8-5</hours>
			</cntinfo>
		</distrib>
		<resdesc>fhszsra06_3</resdesc>
		<distliab>
DISCLAIMER
The State of California and the Department of Forestry and Fire Protection make no representations or warranties regarding the accuracy of data or maps.  The user will not seek to hold the State or the Department liable under any circumstances for any damages with respect to any claim by the user or any third party on account of or arising from the use of data or maps.
There are no restrictions on distribution of the data by users. However, users are encouraged to refer others to the Department of Forestry and Fire Protection to acquire the data, in case updated data become available.
</distliab>
		<stdorder>
			<digform>
				<digtinfo>
					<formvern>ArcGIS 9.2</formvern>
					<filedec>zip</filedec>
					<transize>Small (1 - 10 MB)</transize>
					<dssize Sync="TRUE">0.000</dssize>
				</digtinfo>
			</digform>
			<digtopt>
				<onlinopt>
					<computer>
						<networka>
							<networkr>http://fphqfp/fpweb/CDFStaticDataDownloads.aspx</networkr>
						</networka>
					</computer>
				</onlinopt>
			</digtopt>
		</stdorder>
		<custom>None</custom>
	</distinfo>
	<metainfo>
		<metd Sync="TRUE">20080617</metd>
		<metc>
			<cntinfo>
				<cntperp>
					<cntper>FRAP Fire and Fuels Specialist</cntper>
					<cntorg>CAL FIRE - FRAP</cntorg>
				</cntperp>
				<cntpos>FRAP Fire and Fuels Specialist</cntpos>
				<cntaddr>
					<addrtype>physical address</addrtype>
					<address>1300 U St.</address>
					<city>Sacramento</city>
					<state>CA</state>
					<postal>95818</postal>
					<country>USA</country>
				</cntaddr>
				<cntvoice>916-327-3939</cntvoice>
				<cntfax>916-324-1180</cntfax>
				<cntemail>FRAPdatacontact@fire.ca.gov</cntemail>
				<hours>M-F 8-5</hours>
			</cntinfo>
		</metc>
		<metstdn Sync="TRUE">FGDC Content Standards for Digital Geospatial Metadata</metstdn>
		<metstdv Sync="TRUE">FGDC-STD-001-1998</metstdv>
		<mettc Sync="TRUE">local time</mettc>
		<metac>none</metac>
		<metuc>none</metuc>
		<metsi>
			<metscs>Public Data</metscs>
		</metsi>
		<langmeta Sync="TRUE">en</langmeta>
		<metextns><onlink Sync="TRUE">http://www.esri.com/metadata/esriprof80.html</onlink><metprof Sync="TRUE">ESRI Metadata Profile</metprof></metextns></metainfo>
	<dataIdInfo>
		<envirDesc Sync="TRUE">Microsoft Windows XP Version 5.1 (Build 2600) Service Pack 2; ESRI ArcCatalog 9.2.4.1420</envirDesc>
		<dataLang>
			<languageCode Sync="TRUE" value="en"></languageCode>
		</dataLang>
		<geoBox esriExtentType="decdegrees">
			<westBL Sync="TRUE">-124.506033</westBL>
			<northBL Sync="TRUE">42.068568</northBL>
			<southBL Sync="TRUE">32.522195</southBL>
			<eastBL Sync="TRUE">-115.480476</eastBL>
			<exTypeCode Sync="TRUE">1</exTypeCode>
		</geoBox>
		<idCitation>
			<resTitle Sync="TRUE">fhszs06_3</resTitle>
			<presForm>
				<PresFormCd Sync="TRUE" value="005"></PresFormCd>
			</presForm>
		</idCitation>
		<spatRpType>
			<SpatRepTypCd Sync="TRUE" value="001"></SpatRepTypCd>
		</spatRpType>
		<dataExt>
			<geoEle>
				<GeoBndBox esriExtentType="native">
					<westBL Sync="TRUE">-373976.2989</westBL>
					<northBL Sync="TRUE">450029.8724</northBL>
					<southBL Sync="TRUE">-602050.9533</southBL>
					<eastBL Sync="TRUE">375097.6924</eastBL>
					<exTypeCode Sync="TRUE">1</exTypeCode>
				</GeoBndBox>
			</geoEle>
		</dataExt>
	</dataIdInfo>
	<distInfo>
		<distributor>
			<distorTran>
				<onLineSrc>
					<orDesc Sync="TRUE">002</orDesc>
					<protocol Sync="TRUE">Local Area Network</protocol>
					<linkage Sync="TRUE">file://\\Fphqfp\FirePAS Staging\NAD_1983\c42\shapes\fhszs06_3.shp</linkage>
				</onLineSrc>
				<transSize Sync="TRUE">0.000</transSize>
			</distorTran>
			<distorFormat>
				<formatName Sync="TRUE">Shapefile</formatName>
			</distorFormat>
		</distributor>
	</distInfo>
	<Esri>
		<CreaDate>20080609</CreaDate>
		<ModDate>20080617</ModDate>
		<ModTime>16372000</ModTime>
		<SyncDate>20080617</SyncDate>
		<SyncOnce>FALSE</SyncOnce>
		<SyncTime>16372000</SyncTime>
		<CreaTime>11095000</CreaTime>
		<DataProperties>
			<lineage>
				<Process Name="Dissolve" ToolSource="C:\Program Files\ArcGIS\ArcToolbox\Toolboxes\Data Management Tools.tbx\Dissolve" Date="20070507" Time="125925">Dissolve Q:\Projects\FHSZ\draft\c10\update_dir2\c10fhsz_edit8\polygon c:\Temp\fhsz_edit_dissolve.shp fhsz_p1 # SINGLE_PART</Process>
				<Process Name="Identity" ToolSource="C:\Program Files\ArcGIS\ArcToolbox\Toolboxes\Analysis Tools.tbx\Identity" Date="20070507" Time="125957">Identity c:\Temp\fhsz_edit_dissolve.shp Q:\projects\fhsz\Phase1_stage\sra\sra05_3_83\polygon c:\Temp\fhsz_dis_ident1.shp ALL "1 Meters" NO_RELATIONSHIPS</Process>
				<Process Name="Multipart To Singlepart" ToolSource="C:\Program Files\ArcGIS\ArcToolbox\Toolboxes\Data Management Tools.tbx\MultipartToSinglepart" Date="20070507" Time="130101">MultipartToSinglepart c:\Temp\fhsz_dis_ident1.shp Q:\Projects\FHSZ\Phase1_stage\Fresno_fhsz_p1.mdb\c10fhsz_p1_ver2</Process>
				<Process Name="Model9_5" ToolSource="Q:\Transfer\Mark\ArcGIS_tools\z_fhsz-4-12-07.tbx\Model9" Date="20070507" Time="130116">Model9 Q:\Projects\FHSZ\draft\c10\update_dir2\c10fhsz_edit8\polygon Q:\projects\fhsz\Phase1_stage\sra\sra05_3_83\polygon Q:\Projects\FHSZ\Phase1_stage\Fresno_fhsz_p1.mdb\c10fhsz_p1_ver2</Process>
				<Process ToolSource="C:\Program Files\ArcGIS\ArcToolbox\Toolboxes\Data Management Tools.tbx\CopyFeatures" Date="20070626" Time="111124">CopyFeatures Q:\Projects\FHSZ\p1_final\Fresno_fhsz_p1.mdb\c10fhsz_p1 Q:\Transfer\Ron\FHSZ_Shapefiles\c10fhsz_p1.shp # 0 0 0</Process>
				<Process Name="Dissolve_4" ToolSource="C:\ArcGIS\ArcToolbox\Toolboxes\Data Management Tools.tbx\Dissolve" Date="20070904" Time="133519">Dissolve Q:\Projects\FHSZ\draft\sra_working\a_fhsz07_working3.gdb\work_dir2\Xfhszs06_2 Q:\Projects\FHSZ\draft\sra_working\a_fhsz07_working3.gdb\work_dir2\Xfhszs06_2_SINGLE SRA;HAZ_CODE;HAZ_CLASS # SINGLE_PART</Process>
				<Process Name="Update_1" ToolSource="C:\ArcGIS\ArcToolbox\Toolboxes\Analysis Tools.tbx\Update" Date="20070910" Time="132744">Update Q:\Projects\FHSZ\draft\sra_working\a_fhsz07_working3.gdb\work_dir2\xxxfhszs06_2 Q:\Projects\FHSZ\draft\sra_working\a_fhsz07_working3.gdb\work_dir2\fhsz_fix_2i Q:\Projects\FHSZ\draft\sra_working\a_fhsz07_working3.gdb\work_dir2\xxxfhszs06_2_Update3 BORDERS "0.001 Meters"</Process>
				<Process Name="MultipartToSinglepart_1" ToolSource="C:\ArcGIS\ArcToolbox\Toolboxes\Data Management Tools.tbx\MultipartToSinglepart" Date="20070912" Time="145038">MultipartToSinglepart xxxxfhszs06_2 Q:\Projects\FHSZ\draft\sra_working\a_fhsz07_working3.gdb\final_work\xxxxxfhszs06_2</Process>
				<Process Name="FeatureClassToFeatureClass_3" ToolSource="C:\ArcGIS\ArcToolbox\Toolboxes\Conversion Tools.tbx\FeatureClassToFeatureClass" Date="20070913" Time="103938">FeatureClassToFeatureClass Q:\Projects\FHSZ\draft\sra_working\a_fhsz07_working3.gdb\final_work\fhszs06_2 Q:\Projects\FHSZ\p1_final\Statewide fhszs06_2.shp # "SRA SRA true true false 3 Text 0 0 ,First,#,Q:\Projects\FHSZ\draft\sra_working\a_fhsz07_working3.gdb\final_work\fhszs06_2,SRA,-1,-1;HAZ_CODE HAZ_CODE true true false 2 Short 0 0 ,First,#,Q:\Projects\FHSZ\draft\sra_working\a_fhsz07_working3.gdb\final_work\fhszs06_2,HAZ_CODE,-1,-1;HAZ_CLASS HAZ_CLASS true true false 17 Text 0 0 ,First,#,Q:\Projects\FHSZ\draft\sra_working\a_fhsz07_working3.gdb\final_work\fhszs06_2,HAZ_CLASS,-1,-1;Shape_Leng Shape_Length false true true 8 Double 0 0 ,First,#,Q:\Projects\FHSZ\draft\sra_working\a_fhsz07_working3.gdb\final_work\fhszs06_2,Shape_Length,-1,-1;Shape_Area Shape_Area false true true 8 Double 0 0 ,First,#,Q:\Projects\FHSZ\draft\sra_working\a_fhsz07_working3.gdb\final_work\fhszs06_2,Shape_Area,-1,-1" # Q:\Projects\FHSZ\p1_final\Statewide\fhszs06_2.shp</Process>
				<Process ToolSource="C:\Program Files\ArcGIS\ArcToolbox\Toolboxes\Analysis Tools.tbx\Clip" Date="20080617" Time="153926">Clip y:\nad_1983\statewide\geodatabase\fhszs06_3.gdb\fhszs06_3 y:\NAD_1983\c42\shapes\cnty24k08_1.shp y:\NAD_1983\c42\geodatabase\fhszs06_3.gdb\fhszs06_3 #</Process><Process ToolSource="C:\Program Files\ArcGIS\ArcToolbox\Toolboxes\Data Management Tools.tbx\CopyFeatures" Date="20080617" Time="163720">CopyFeatures y:\nad_1983\c42\geodatabase\fhszs06_3.gdb\fhszs06_3 y:\NAD_1983\c42\shapes\fhszs06_3.shp # 0 0 0</Process></lineage>
		</DataProperties>
		<MetaID>{6B40D824-771C-45AA-ADE1-97BDA7882F64}</MetaID></Esri>
	<mdChar>
		<CharSetCd Sync="TRUE" value="004"></CharSetCd>
	</mdChar>
	<mdDateSt Sync="TRUE">20080617</mdDateSt>
	<mdHrLv>
		<ScopeCd Sync="TRUE" value="005"></ScopeCd>
	</mdHrLv>
	<mdHrLvName Sync="TRUE">dataset</mdHrLvName>
	<mdLang>
		<languageCode Sync="TRUE" value="en"></languageCode>
	</mdLang>
	<mdStanName Sync="TRUE">ISO 19115 Geographic Information - Metadata</mdStanName>
	<mdStanVer Sync="TRUE">DIS_ESRI1.0</mdStanVer>
	<refSysInfo>
		<RefSystem>
			<refSysID>
				<identCode Sync="TRUE">NAD_1983_Albers</identCode>
			</refSysID>
		</RefSystem>
	</refSysInfo>
	<spatRepInfo>
		<VectSpatRep>
			<topLvl>
				<TopoLevCd Sync="TRUE" value="001"></TopoLevCd>
			</topLvl>
			<geometObjs Name="fhszs06_3"><geoObjTyp><GeoObjTypCd Sync="TRUE" value="001"></GeoObjTypCd></geoObjTyp><geoObjCnt Sync="TRUE">0</geoObjCnt></geometObjs></VectSpatRep>
	</spatRepInfo>
</metadata>
